variable	coef
AAA	-0.010670209833626416
AAC	-0.026637587115931064
AAG	0.05816948699040848
AAT	-0.07368082971087195
ACA	0.006954429342603175
ACC	0.022699269747152764
ACG	-0.03182575807460457
ACT	0.05093099064887858
AGA	-0.04719474596144181
AGC	-0.031050586249922824
AGG	-0.00961596993002451
AGT	-0.029554341251520372
ATA	-0.041108795638357794
ATC	0.03333749018166658
ATG	-0.341448274243249
ATT	0.04146084761429944
CAA	-0.03181446054869873
CAC	-0.016942080284947092
CAG	0.043361838532469485
CAT	-0.058971762388867116
CCA	0.019280464133407033
CCC	0.019782351947446056
CCG	-0.005687579458353881
CCT	0.03228288061795252
CGA	-0.025816819289922507
CGC	0.008905214853540969
CGG	-0.027079387954950802
CGT	0.0203932343565556
CTA	-0.014797770727825907
CTC	0.009869267720129077
CTG	0.017399896970145767
CTT	0.014639462210232252
GAA	0.019609469473053743
GAC	0.01342387677063787
GAG	0.04227357567972855
GAT	0.03681487967710882
GCA	0.052134239147719
GCC	0.050778304011592536
GCG	0.02416470088670454
GCT	0.18204667750455794
GGA	0.09675460150632867
GGC	0.015699150313795318
GGG	0.018011108705871248
GGT	0.0842637374031926
GTA	-0.014810968146154405
GTC	0.02712061650135041
GTG	0.020411032799303598
GTT	0.07824439157011091
TAA	0.002226189237993337
TAC	0.009220551808972098
TAG	-0.01282988840116815
TAT	-0.0025810549508715093
TCA	-0.0276799714703111
TCC	-0.01170629542713434
TCG	-0.028735459189765375
TCT	-0.020473944698477197
TGA	-0.0008914784974833681
TGC	-0.03810643592703389
TGG	-0.024921026014579028
TGT	-0.06849325659713953
TTA	-0.0697029213015557
TTC	0.019420687014602152
TTG	-0.0018389169762658415
TTT	-0.04541633961845515
(Intercept)	1.210186758394737
